"id","order_id","parent_id","student_id","course_id","year_id","price","course_plan_id","is_auto_renew","payment_provider","start_date","expiry_date","access_status","created_at","updated_at"
"1","1","12","14","1","2","100.00","1","0","stripe","2026-02-24 14:45:26","2027-02-24 14:40:47","active","2026-02-24 14:40:47","2026-02-24 14:45:26"
"2","2","12","14","3","2","100.00","4","0","paypal","2026-02-24 15:05:32","2027-02-24 14:53:04","active","2026-02-24 14:53:04","2026-02-24 15:05:32"
"3","3","13","15","1","2","100.00","1","0","stripe","2026-02-25 10:21:23","2027-02-25 10:13:13","active","2026-02-25 10:13:13","2026-02-25 10:21:23"
"4","4","14","18","1","4","10.00","2","1","paypal","2026-03-19 05:21:21","2027-03-19 05:15:24","active","2026-03-19 05:15:24","2026-03-19 05:21:21"
"5","5","14","17","1","10","10.00","2","1","paypal","2026-03-19 09:09:41","2027-03-19 09:09:41","inactive","2026-03-19 09:09:41","2026-03-19 09:09:41"
"6","6","14","17","1","10","10.00","2","1","paypal","2026-03-19 09:17:11","2027-03-19 09:17:11","inactive","2026-03-19 09:17:11","2026-03-19 09:17:11"
"7","6","14","18","5","4","100.00","4","0","paypal","2026-03-19 09:17:11","2027-03-19 09:17:11","inactive","2026-03-19 09:17:11","2026-03-19 09:17:11"
"8","7","14","18","5","4","100.00","4","0","paypal","2026-03-19 09:19:42","2027-03-19 09:18:29","active","2026-03-19 09:18:29","2026-03-19 09:19:42"
"9","8","14","26","5","4","100.00","4","0","paypal","2026-03-19 10:26:54","2027-03-19 10:26:54","inactive","2026-03-19 10:26:54","2026-03-19 10:26:54"
"10","9","14","26","5","4","100.00","4","0","paypal","2026-03-19 10:31:18","2027-03-19 10:27:28","active","2026-03-19 10:27:28","2026-03-19 10:31:18"
"11","10","14","27","1","4","10.00","2","1","paypal","2026-03-23 13:01:20","2027-03-23 12:59:11","active","2026-03-23 12:59:11","2026-03-23 13:01:20"
"13","11","14","18","3","4","10.00","6","0","paypal","2026-03-23 15:09:19","2027-03-23 15:08:15","active","2026-03-23 15:08:15","2026-03-23 15:09:19"
"43","41","14","29","5","4","10.00","5","0","paypal","2026-03-25 04:06:42","2027-03-25 04:05:34","active","2026-03-25 04:05:34","2026-03-25 04:06:42"
